filename,url
an_introduction.mp3,https://s3.us-west-2.amazonaws.com/faithpromise.org/audio-files/Screwtape%20Letters/an_introduction.mp3
chapter_00.mp3,https://s3.us-west-2.amazonaws.com/faithpromise.org/audio-files/Screwtape%20Letters/chapter_00.mp3
chapter_01.mp3,https://s3.us-west-2.amazonaws.com/faithpromise.org/audio-files/Screwtape%20Letters/chapter_01.mp3
chapter_02.mp3,https://s3.us-west-2.amazonaws.com/faithpromise.org/audio-files/Screwtape%20Letters/chapter_02.mp3
chapter_03.mp3,https://s3.us-west-2.amazonaws.com/faithpromise.org/audio-files/Screwtape%20Letters/chapter_03.mp3
chapter_04.mp3,https://s3.us-west-2.amazonaws.com/faithpromise.org/audio-files/Screwtape%20Letters/chapter_04.mp3
chapter_05.mp3,https://s3.us-west-2.amazonaws.com/faithpromise.org/audio-files/Screwtape%20Letters/chapter_05.mp3
chapter_06.mp3,https://s3.us-west-2.amazonaws.com/faithpromise.org/audio-files/Screwtape%20Letters/chapter_06.mp3
chapter_07.mp3,https://s3.us-west-2.amazonaws.com/faithpromise.org/audio-files/Screwtape%20Letters/chapter_07.mp3
chapter_08.mp3,https://s3.us-west-2.amazonaws.com/faithpromise.org/audio-files/Screwtape%20Letters/chapter_08.mp3
chapter_09.mp3,https://s3.us-west-2.amazonaws.com/faithpromise.org/audio-files/Screwtape%20Letters/chapter_09.mp3
chapter_10.mp3,https://s3.us-west-2.amazonaws.com/faithpromise.org/audio-files/Screwtape%20Letters/chapter_10.mp3
chapter_11.mp3,https://s3.us-west-2.amazonaws.com/faithpromise.org/audio-files/Screwtape%20Letters/chapter_11.mp3
chapter_12.mp3,https://s3.us-west-2.amazonaws.com/faithpromise.org/audio-files/Screwtape%20Letters/chapter_12.mp3
chapter_13.mp3,https://s3.us-west-2.amazonaws.com/faithpromise.org/audio-files/Screwtape%20Letters/chapter_13.mp3
chapter_14.mp3,https://s3.us-west-2.amazonaws.com/faithpromise.org/audio-files/Screwtape%20Letters/chapter_14.mp3
chapter_15.mp3,https://s3.us-west-2.amazonaws.com/faithpromise.org/audio-files/Screwtape%20Letters/chapter_15.mp3
chapter_16.mp3,https://s3.us-west-2.amazonaws.com/faithpromise.org/audio-files/Screwtape%20Letters/chapter_16.mp3
chapter_17.mp3,https://s3.us-west-2.amazonaws.com/faithpromise.org/audio-files/Screwtape%20Letters/chapter_17.mp3
chapter_18.mp3,https://s3.us-west-2.amazonaws.com/faithpromise.org/audio-files/Screwtape%20Letters/chapter_18.mp3
chapter_19.mp3,https://s3.us-west-2.amazonaws.com/faithpromise.org/audio-files/Screwtape%20Letters/chapter_19.mp3
chapter_20.mp3,https://s3.us-west-2.amazonaws.com/faithpromise.org/audio-files/Screwtape%20Letters/chapter_20.mp3
chapter_21.mp3,https://s3.us-west-2.amazonaws.com/faithpromise.org/audio-files/Screwtape%20Letters/chapter_21.mp3
chapter_22.mp3,https://s3.us-west-2.amazonaws.com/faithpromise.org/audio-files/Screwtape%20Letters/chapter_22.mp3
chapter_23.mp3,https://s3.us-west-2.amazonaws.com/faithpromise.org/audio-files/Screwtape%20Letters/chapter_23.mp3
chapter_24.mp3,https://s3.us-west-2.amazonaws.com/faithpromise.org/audio-files/Screwtape%20Letters/chapter_24.mp3
chapter_25.mp3,https://s3.us-west-2.amazonaws.com/faithpromise.org/audio-files/Screwtape%20Letters/chapter_25.mp3
chapter_26.mp3,https://s3.us-west-2.amazonaws.com/faithpromise.org/audio-files/Screwtape%20Letters/chapter_26.mp3
chapter_27.mp3,https://s3.us-west-2.amazonaws.com/faithpromise.org/audio-files/Screwtape%20Letters/chapter_27.mp3
chapter_28.mp3,https://s3.us-west-2.amazonaws.com/faithpromise.org/audio-files/Screwtape%20Letters/chapter_28.mp3
chapter_29.mp3,https://s3.us-west-2.amazonaws.com/faithpromise.org/audio-files/Screwtape%20Letters/chapter_29.mp3
chapter_30.mp3,https://s3.us-west-2.amazonaws.com/faithpromise.org/audio-files/Screwtape%20Letters/chapter_30.mp3
chapter_31.mp3,https://s3.us-west-2.amazonaws.com/faithpromise.org/audio-files/Screwtape%20Letters/chapter_31.mp3
